<?xml version="1.0" encoding="ISO-8859-1"?>
<Experiment>
<Experiment_design>
<Experiment_description></Experiment_description>

<Assay_type>in situ hybridisation</Assay_type>

<Experiment_design_type></Experiment_design_type>

<Experimental_factor></Experimental_factor>

<Number></Number>

<Status>curated</Status>

<Status2>Public</Status2>
<Url>http://www.genome.ad.jp/magest</Url>

<Contact>
<Author>
<Author_name>Magest team</Author_name>
<Author_mail></Author_mail>
<Author_date>2004-11-26</Author_date>
</Author>
<Annotator>
<Annotator_name></Annotator_name>
<Annotator_mail></Annotator_mail>
<Annotator_date></Annotator_date>
</Annotator>
<Curator>
<Curator_name></Curator_name>
<Curator_mail></Curator_mail>
<Curator_date></Curator_date>
</Curator>
</Contact>

<Reference>
<Pubmed_id>11493572</Pubmed_id>
<Title>Large-scale cDNA analysis of the maternal genetic information in the egg of Halocynthia roretzi for a gene expression catalog of ascidian development.</Title>
<Author>Makabe KW, Kawashima T, Kawashima S, Minokawa T, Adachi A, Kawamura H, Ishikawa H, Yasuda R, Yamamoto H, Kondoh K, Arioka S, Sasakura Y, Kobayashi A, Yagi K, Shojima K, Kondoh Y, Kido S, Tsujinami M, Nishimura N, Takahashi M, Nakamura T, Kanehisa M, Ogasawara M, Nishikata T, Nishida H.</Author>
<Journal>Development. 128 2555-2567 (2001)</Journal>
</Reference>

</Experiment_design>
<Biomaterials_treatments>
<Origin_sample>Halocynthia roretzi</Origin_sample>

<Provider_specimen></Provider_specimen>

<Developmental_stage>Mid tailbud</Developmental_stage>

<sex></sex>

<Age></Age>

<Strain></Strain>

<Genotype></Genotype>

<Phenotype>Wild type</Phenotype>

<State_organism></State_organism>

<Treatments>
<Deregulated_molecules>

</Deregulated_molecules>

<Embryo_manips>
</Embryo_manips>

<Other></Other>
</Treatments>

<Manipulation></Manipulation>

<Pubmed_id></Pubmed_id>

<Comments></Comments>
</Biomaterials_treatments>

<Reporters>
<Reporter>

<Clone>

<Clone_identifer></Clone_identifer>
<Clone_name>002B24</Clone_name>
<Database></Database>
</Clone>

<Predicted_gene></Predicted_gene>

<Company></Company>

<Reporter_type></Reporter_type>

<Probe></Probe>

<Antibody></Antibody>

<Protocol></Protocol>

<Reference></Reference>

<Comments></Comments>

</Reporter>
</Reporters>

<Staining_protocols>
<Number></Number>
<Source></Source>
<Stain_type></Stain_type>
<Labelling_method></Labelling_method>
<Visualisation_method></Visualisation_method>
<Substrate></Substrate>
<Protocols></Protocols>
</Staining_protocols>

<Imaging_data>
<Pictures>
</Pictures>

<Image_detection_method></Image_detection_method>
<Image_scale></Image_scale>
<Image_acquisition></Image_acquisition>
<Imaging_hardware_software></Imaging_hardware_software>
<Imaging_analysis></Imaging_analysis>
</Imaging_data>

<Images>
<Staining_intensity_scale></Staining_intensity_scale>

<Image_characterization>
<Staining_localization>
<Structure>No expression</Structure>

<Staining_intensity>+++</Staining_intensity>

<Fraction></Fraction>

<Part_of></Part_of>
<Sure></Sure>
<Subcell_pos></Subcell_pos>
<Substrate></Substrate>
</Staining_localization>
</Image_characterization>

<Staining_note>
MAGEST annotation : no expression.
</Staining_note>
</Images>

</Experiment>
